age,salary,company
30,651.31,Corp.Money
36,815.02,Corp.Money
39,874.46,Corp.Money
25,659.61,Corp.Money
36,737.21,Corp.Money
37,787.72,Corp.Money
32,652.99,Corp.Money
32,765.66,Corp.Money
32,717.7,Corp.Money
31,628.04,Corp.Money
33,719.01,Corp.Money
31,670.24,Corp.Money
31,734.87,Corp.Money
35,827.87,Corp.Money
38,796.33,Corp.Money
34,831.25,Corp.Money
32,763.33,Corp.Money
31,731.7,Corp.Money
31,733.22,Corp.Money
44,1001.62,Corp.Money
35,848.66,Corp.Money
33,733.54,Corp.Money
33,762.29,Corp.Money
36,959.73,Corp.Money
32,685.6,Corp.Money
29,694.77,Corp.Money
37,768.1,Corp.Money
30,710.65,Corp.Money
34,828.75,Corp.Money
31,602.33,Corp.Money
39,850.77,Corp.Money
33,872.69,Corp.Money
32,701.3,Corp.Money
32,668.82,Corp.Money
28,682.88,Corp.Money
30,663.85,Corp.Money
26,694.19,Corp.Money
29,734.1,Corp.Money
33,799.99,Corp.Money
33,688.74,Corp.Money
40,917.96,Corp.Money
30,719.06,Corp.Money
31,615.83,Corp.Money
33,791.39,Corp.Money
31,735.03,Corp.Money
31,667.08,Corp.Money
30,689.57,Corp.Money
29,782.4,Corp.Money
32,779.2,Corp.Money
33,696.14,Corp.Money
27,644.56,Corp.Money
32,827.34,Corp.Money
30,701.62,Corp.Money
30,674.43,Corp.Money
34,838.24,Corp.Money
37,816.74,Corp.Money
41,908.47,Corp.Money
31,762.79,Corp.Money
41,1008.96,Corp.Money
30,658.73,Corp.Money
37,828.56,Corp.Money
45,996.55,Corp.Money
34,824.71,Corp.Money
32,817.02,Corp.Money
34,864.56,Corp.Money
42,928.64,Corp.Money
30,746.56,Corp.Money
40,856.32,Corp.Money
40,873.11,Corp.Money
36,760.15,Corp.Money
35,744.98,Corp.Money
33,789.56,Corp.Money
33,796.69,Corp.Money
37,850.86,Corp.Money
43,921.89,Corp.Money
34,794.85,Corp.Money
29,619.75,Corp.Money
32,652.21,Corp.Money
36,794.86,Corp.Money
33,739.39,Corp.Money
34,732.51,Corp.Money
34,679.79,Corp.Money
29,658.77,Corp.Money
34,806.64,Corp.Money
38,899.31,Corp.Money
37,919.77,Corp.Money
37,842.09,Corp.Money
33,873.82,Corp.Money
34,802.64,Corp.Money
30,692.16,Corp.Money
34,683.5,Corp.Money
36,941.52,Corp.Money
41,990.54,Corp.Money
39,911.68,Corp.Money
33,815.92,Corp.Money
36,872.22,Corp.Money
30,742.96,Corp.Money
38,907.09,Corp.Money
38,913.11,Corp.Money
43,925.49,Corp.Money
36,806.57,Corp.Money
33,765.88,Corp.Money
35,757.22,Corp.Money
32,848.76,Corp.Money
31,653.78,Corp.Money
35,807.11,Corp.Money
31,680.27,Corp.Money
35,804.46,Corp.Money
36,828.45,Corp.Money
34,777.58,Corp.Money
34,625.27,Corp.Money
32,615.19,Corp.Money
30,736.03,Corp.Money
38,815.39,Corp.Money
35,804.85,Corp.Money
38,900,Corp.Money
30,691.59,Corp.Money
35,764.28,Corp.Money
37,828.67,Corp.Money
34,860.43,Corp.Money
34,858,Corp.Money
31,817.3,Corp.Money
43,1035.04,Corp.Money
38,780.34,Corp.Money
42,847.22,Corp.Money
35,803.26,Corp.Money
32,731.11,Corp.Money
28,586.11,Corp.Money
32,640.29,Corp.Money
35,862.38,Corp.Money
39,963.52,Corp.Money
36,833.2,Corp.Money
30,708.54,Corp.Money
37,833.89,Corp.Money
28,635.28,Corp.Money
33,690.47,Corp.Money
33,749.75,Corp.Money
27,587.56,Corp.Money
38,869.54,Corp.Money
32,775.38,Corp.Money
33,745.46,Corp.Money
40,974.2,Corp.Money
37,923.76,Corp.Money
34,841.87,Corp.Money
37,769.4,Corp.Money
36,742.91,Corp.Money
41,923.85,Corp.Money
36,827.92,Corp.Money
37,873.67,Corp.Money
36,746.52,Corp.Money
33,746.24,Corp.Money
35,817.59,Corp.Money
41,836.76,Corp.Money
31,729.35,Corp.Money
35,895.14,Corp.Money
40,824.06,Corp.Money
34,846.53,Corp.Money
30,752.58,Corp.Money
31,772.76,Corp.Money
33,831.57,Corp.Money
31,721.03,Corp.Money
33,770.07,Corp.Money
33,710.51,Corp.Money
34,805.92,Corp.Money
36,883.71,Corp.Money
37,849.61,Corp.Money
41,978.76,Corp.Money
34,842.12,Corp.Money
33,695.43,Corp.Money
40,916.9,Corp.Money
41,896.24,Corp.Money
35,791.7,Corp.Money
33,751.68,Corp.Money
27,583.84,Corp.Money
40,947.05,Corp.Money
31,674.34,Corp.Money
30,724.29,Corp.Money
47,950.24,Corp.Money
35,781.51,Corp.Money
34,769.57,Corp.Money
24,546.94,Corp.Money
34,771.17,Corp.Money
38,911.79,Corp.Money
36,849.27,Corp.Money
38,820.34,Corp.Money
42,929.37,Corp.Money
39,875.17,Corp.Money
32,721.08,Corp.Money
37,833.41,Corp.Money
34,765.33,Corp.Money
32,846.87,Corp.Money
23,574.5,Corp.Money
31,747.38,Corp.Money
36,791.05,Corp.Money
43,972.11,Corp.Money
37,854.38,Corp.Money
37,859.8,Corp.Money
31,729.18,Corp.Money
35,899.14,Corp.Money
26,521.66,Corp.Money
36,847.24,Corp.Money
37,866.49,Corp.Money
35,764.35,Corp.Money
37,842.96,Corp.Money
36,774.45,Corp.Money
38,822.79,Corp.Money
42,829.42,Corp.Money
39,943.5,Corp.Money
35,772.64,Corp.Money
30,730.25,Corp.Money
36,806.27,Corp.Money
33,861.19,Corp.Money
40,912.1,Corp.Money
28,770.94,Corp.Money
33,768.21,Corp.Money
36,892.55,Corp.Money
34,786.17,Corp.Money
32,757.44,Corp.Money
33,747.85,Corp.Money
37,845.13,Corp.Money
38,895.81,Corp.Money
37,864.49,Corp.Money
44,897.87,Corp.Money
39,940.81,Corp.Money
36,782.82,Corp.Money
32,787.15,Corp.Money
46,1013.82,Corp.Money
37,843.53,Corp.Money
32,766.02,Corp.Money
35,755.01,Corp.Money
33,756.62,Corp.Money
33,725.15,Corp.Money
31,754.06,Corp.Money
35,816.71,Corp.Money
36,748.86,Corp.Money
30,684.37,Corp.Money
22,510.08,Corp.Money
33,726.83,Corp.Money
35,800.29,Corp.Money
37,749.14,Corp.Money
35,896.25,Corp.Money
36,843.8,Corp.Money
30,603.28,Corp.Money
37,794.31,Corp.Money
37,858.52,Corp.Money
36,705.34,Corp.Money
40,875.9,Corp.Money
36,819.04,Corp.Money
36,883.52,Corp.Money
36,903.8,Corp.Money
36,886.17,Corp.Money
39,954.09,Corp.Money
36,795.18,Corp.Money
37,896.9,Corp.Money
30,702.06,Corp.Money
33,850.62,Corp.Money
40,916.74,Corp.Money
30,734.29,Corp.Money
36,839.18,Corp.Money
36,860.88,Corp.Money
38,879.21,Corp.Money
33,737.58,Corp.Money
35,805.39,Corp.Money
27,786.99,Corp.Money
36,766.14,Corp.Money
32,765.27,Corp.Money
34,800.97,Corp.Money
30,750.4,Corp.Money
36,704.02,Corp.Money
37,776.93,Corp.Money
33,766.41,Corp.Money
42,893.62,Corp.Money
37,818.51,Corp.Money
38,893.95,Corp.Money
43,958.38,Corp.Money
32,700.93,Corp.Money
38,845.46,Corp.Money
38,946.59,Corp.Money
34,860.07,Corp.Money
36,797.48,Corp.Money
30,777.31,Corp.Money
36,850.53,Corp.Money
32,784.65,Corp.Money
38,811.79,Corp.Money
31,643.12,Corp.Money
36,886.45,Corp.Money
31,683.33,Corp.Money
34,748.45,Corp.Money
28,670.99,Corp.Money
35,717.58,Corp.Money
38,889.62,Corp.Money
35,866.29,Corp.Money
27,634.27,Corp.Money
32,653.59,Corp.Money
41,890.56,Corp.Money
42,912.14,Corp.Money
30,752.39,Corp.Money
33,812.8,Corp.Money
36,834.98,Corp.Money
36,800.74,Corp.Money
32,732.66,Corp.Money
31,753.7,Corp.Money
34,820.58,Corp.Money
39,967.8,Corp.Money
35,739.13,Corp.Money
32,758.86,Corp.Money
32,752.94,Corp.Money
41,833.84,Corp.Money
33,749.41,Corp.Money
38,832.39,Corp.Money
40,841.61,Corp.Money
36,832.49,Corp.Money
33,640.38,Corp.Money
34,833.63,Corp.Money
33,834.73,Corp.Money
39,942.57,Corp.Money
34,825.67,Corp.Money
41,932.38,Corp.Money
32,748.03,Corp.Money
32,734.32,Corp.Money
35,761.97,Corp.Money
35,810.41,Corp.Money
32,777.57,Corp.Money
28,594.57,Corp.Money
35,787.49,Corp.Money
32,723.05,Corp.Money
39,895.17,Corp.Money
31,676.88,Corp.Money
39,928.01,Corp.Money
32,714.92,Corp.Money
36,883.51,Corp.Money
38,834.42,Corp.Money
32,800.46,Corp.Money
37,823.19,Corp.Money
34,812.36,Corp.Money
30,713.87,Corp.Money
33,755.44,Corp.Money
41,994.74,Corp.Money
34,789.21,Corp.Money
31,741.28,Corp.Money
34,772.89,Corp.Money
36,799.69,Corp.Money
38,970.42,Corp.Money
39,869.43,Corp.Money
35,807.19,Corp.Money
39,896.57,Corp.Money
31,728.69,Corp.Money
25,671.45,Corp.Money
33,701.55,Corp.Money
32,722.62,Corp.Money
25,543.14,Corp.Money
37,805.38,Corp.Money
31,744.67,Corp.Money
34,822.25,Corp.Money
28,802.39,Corp.Money
37,865.12,Corp.Money
42,925.27,Corp.Money
31,669.77,Corp.Money
34,800.26,Corp.Money
42,986.39,Corp.Money
38,838.6,Corp.Money
42,953.37,Corp.Money
34,792.23,Corp.Money
34,759.98,Corp.Money
32,779.01,Corp.Money
40,828.51,Corp.Money
29,781.19,Corp.Money
36,822.7,Corp.Money
34,801.33,Corp.Money
44,985.37,Corp.Money
32,673.72,Corp.Money
28,689.53,Corp.Money
35,794.26,Corp.Money
34,728.89,Corp.Money
31,739.15,Corp.Money
35,702.53,Corp.Money
33,836.79,Corp.Money
32,694.97,Corp.Money
37,833.83,Corp.Money
33,852.61,Corp.Money
27,567.59,Corp.Money
24,663.9,Corp.Money
32,780.36,Corp.Money
40,935.82,Corp.Money
38,750.54,Corp.Money
39,867.88,Corp.Money
38,790.29,Corp.Money
36,784.57,Corp.Money
28,681.93,Corp.Money
35,755.83,Corp.Money
41,974.39,Corp.Money
21,522.45,Corp.Money
31,640.67,Corp.Money
39,922.79,Corp.Money
37,809.85,Corp.Money
38,808.15,Corp.Money
36,879.17,Corp.Money
37,855.89,Corp.Money
35,824.69,Corp.Money
31,735.81,Corp.Money
30,665.12,Corp.Money
35,800.9,Corp.Money
33,751.03,Corp.Money
31,687.5,Corp.Money
36,735.41,Corp.Money
35,823.92,Corp.Money
40,866.64,Corp.Money
30,765.9,Corp.Money
32,789.22,Corp.Money
34,765.07,Corp.Money
29,696.25,Corp.Money
33,806.45,Corp.Money
32,725.77,Corp.Money
26,771.12,Corp.Money
33,788.23,Corp.Money
32,735.33,Corp.Money
39,882.76,Corp.Money
32,738.07,Corp.Money
37,905.45,Corp.Money
35,862.17,Corp.Money
30,706.79,Corp.Money
36,812.06,Corp.Money
34,809.47,Corp.Money
35,770.19,Corp.Money
37,842.83,Corp.Money
35,790.69,Corp.Money
41,849.16,Corp.Money
35,771.83,Corp.Money
29,624.56,Corp.Money
37,887.02,Corp.Money
30,641.37,Corp.Money
27,634,Corp.Money
31,671.44,Corp.Money
32,744.74,Corp.Money
32,716.33,Corp.Money
41,1037.59,Corp.Money
41,903.4,Corp.Money
37,877.51,Corp.Money
29,699.27,Corp.Money
35,833.95,Corp.Money
36,871.18,Corp.Money
34,755.71,Corp.Money
35,743.33,Corp.Money
31,753.18,Corp.Money
29,633.69,Corp.Money
40,968.26,Corp.Money
36,765.32,Corp.Money
33,631.78,Corp.Money
36,767.1,Corp.Money
43,934.13,Corp.Money
36,914.96,Corp.Money
40,941.2,Corp.Money
40,978.66,Corp.Money
33,694.3,Corp.Money
38,915.73,Corp.Money
32,709.6,Corp.Money
29,723.35,Corp.Money
30,602.83,Corp.Money
34,829.21,Corp.Money
42,924.89,Corp.Money
35,790.68,Corp.Money
31,786.23,Corp.Money
35,818.18,Corp.Money
37,845.04,Corp.Money
29,721.17,Corp.Money
30,655.55,Corp.Money
27,573.42,Corp.Money
29,734.18,Corp.Money
31,791.17,Corp.Money
33,784.98,Corp.Money
40,899.61,Corp.Money
38,930.99,Corp.Money
36,827.45,Corp.Money
32,759.47,Corp.Money
34,785.91,Corp.Money
37,877.62,Corp.Money
32,681.4,Corp.Money
39,856.84,Corp.Money
39,869.98,Corp.Money
30,619.01,Corp.Money
32,778.61,Corp.Money
39,890.8,Corp.Money
28,624.52,Corp.Money
36,837.55,Corp.Money
35,808.63,Corp.Money
47,1004.77,Corp.Money
24,583.17,Corp.Money
31,682.09,Corp.Money
37,866.79,Corp.Money
41,850.48,Corp.Money
38,868.09,Corp.Money
29,722.26,Corp.Money
43,970.21,Corp.Money
27,601.05,Corp.Money
30,645.77,Corp.Money
34,698.87,Corp.Money
43,982.81,Corp.Money
37,849.2,Corp.Money
37,842.9,Corp.Money
41,954.61,Corp.Money
38,791.69,Corp.Money
30,726.96,Corp.Money
37,773.9,Corp.Money
34,765.94,Corp.Money
42,834.75,Corp.Money
34,699.12,Corp.Money
28,623.81,Corp.Money
36,835.34,Corp.Money
36,831.28,Corp.Money
34,826.79,Corp.Money
30,722.12,Corp.Money
31,742.73,Corp.Money
34,731.9,Corp.Money
39,823.38,Corp.Money
33,729.98,Corp.Money
31,631.25,Corp.Money
24,575.41,Corp.Money
36,808.37,Corp.Money
36,794.34,Corp.Money
40,909.28,Corp.Money
40,828.42,Corp.Money
34,685.07,Corp.Money
40,928.56,Corp.Money
35,751.22,Corp.Money
32,696.18,Corp.Money
31,697.74,Corp.Money
33,721.28,Corp.Money
35,861.57,Corp.Money
34,831.4,Corp.Money
35,802.51,Corp.Money
35,789.48,Corp.Money
37,809.35,Corp.Money
33,809.77,Corp.Money
41,931.96,Corp.Money
36,830.64,Corp.Money
30,625.18,Corp.Money
33,803.88,Corp.Money
37,809.83,Corp.Money
33,777.07,Corp.Money
36,822.49,Corp.Money
36,885.88,Corp.Money
40,967.47,Corp.Money
32,805.13,Corp.Money
34,775.64,Corp.Money
32,734.32,Corp.Money
30,704.82,Corp.Money
27,664.44,Corp.Money
35,798.52,Corp.Money
37,773.66,Corp.Money
37,795.5,Corp.Money
29,625.48,Corp.Money
30,666.62,Corp.Money
30,764.74,Corp.Money
32,735.43,Corp.Money
35,833.5,Corp.Money
37,835.56,Corp.Money
31,767.56,Corp.Money
23,469.19,Corp.Money
38,836.6,Corp.Money
37,835.73,Corp.Money
32,758.85,Corp.Money
30,688.47,Corp.Money
33,749.62,Corp.Money
35,856.51,Corp.Money
37,871.22,Corp.Money
40,883.65,Corp.Money
31,716.78,Corp.Money
36,854.54,Corp.Money
40,819,Corp.Money
31,762.38,Corp.Money
34,848.47,Corp.Money
27,610.32,Corp.Money
36,822.71,Corp.Money
32,663.07,Corp.Money
31,714.01,Corp.Money
31,733.18,Corp.Money
36,782.09,Corp.Money
26,614.96,Corp.Money
33,713.41,Corp.Money
30,695.38,Corp.Money
31,708.03,Corp.Money
36,844.86,Corp.Money
36,857.47,Corp.Money
34,862.72,Corp.Money
37,882.35,Corp.Money
32,719.56,Corp.Money
26,610.68,Corp.Money
39,966.76,Corp.Money
34,720.6,Corp.Money
33,754.08,Corp.Money
35,919.65,Corp.Money
38,841.15,Corp.Money
36,760.46,Corp.Money
38,874.11,Corp.Money
35,736.71,Corp.Money
32,668.78,Corp.Money
33,749.23,Corp.Money
38,800.72,Corp.Money
31,696.88,Corp.Money
31,782.91,Corp.Money
36,918.35,Corp.Money
37,804.62,Corp.Money
28,638.3,Corp.Money
38,872.84,Corp.Money
35,747.74,Corp.Money
34,779.03,Corp.Money
39,827.58,Corp.Money
40,859.12,Corp.Money
30,693.99,Corp.Money
39,875.58,Corp.Money
32,780.82,Corp.Money
35,779.76,Corp.Money
36,848.32,Corp.Money
35,714.57,Corp.Money
29,693.36,Corp.Money
32,782.28,Corp.Money
41,917.1,Corp.Money
35,792.85,Corp.Money
31,699.91,Corp.Money
32,747.29,Corp.Money
39,921.3,Corp.Money
36,866.94,Corp.Money
31,731.78,Corp.Money
35,774.78,Corp.Money
37,926.53,Corp.Money
41,969.11,Corp.Money
31,673.76,Corp.Money
33,770.28,Corp.Money
38,778.02,Corp.Money
33,678.69,Corp.Money
40,859.07,Corp.Money
39,881.66,Corp.Money
28,631.77,Corp.Money
36,881.4,Corp.Money
29,784.22,Corp.Money
29,725.46,Corp.Money
35,863.02,Corp.Money
35,843.05,Corp.Money
34,834.68,Corp.Money
40,1023.09,Corp.Money
36,785.3,Corp.Money
32,680.1,Corp.Money
35,930.8,Corp.Money
32,711.26,Corp.Money
34,715.02,Corp.Money
30,647.39,Corp.Money
34,817.4,Corp.Money
35,772.98,Corp.Money
32,720.01,Corp.Money
35,784.63,Corp.Money
32,785.67,Corp.Money
32,737.1,Corp.Money
34,823.97,Corp.Money
36,824.26,Corp.Money
34,837.71,Corp.Money
35,840.83,Corp.Money
38,885.82,Corp.Money
33,795.97,Corp.Money
34,688.31,Corp.Money
37,834.62,Corp.Money
29,660.78,Corp.Money
37,762.24,Corp.Money
32,749.01,Corp.Money
30,730.81,Corp.Money
27,668.55,Corp.Money
32,705.31,Corp.Money
30,717.82,Corp.Money
30,719.8,Corp.Money
41,1011.45,Corp.Money
30,644.08,Corp.Money
38,894.46,Corp.Money
37,822.94,Corp.Money
31,732.36,Corp.Money
32,683.37,Corp.Money
33,716.04,Corp.Money
35,722.74,Corp.Money
33,755.46,Corp.Money
38,870.44,Corp.Money
33,747.19,Corp.Money
26,577.44,Corp.Money
34,810.5,Corp.Money
27,686.08,Corp.Money
38,846.18,Corp.Money
32,810.62,Corp.Money
30,635.01,Corp.Money
32,775.61,Corp.Money
37,879.8,Corp.Money
27,598.01,Corp.Money
36,848.91,Corp.Money
31,754.33,Corp.Money
34,838.73,Corp.Money
37,858.88,Corp.Money
37,795.88,Corp.Money
41,892.99,Corp.Money
35,775.32,Corp.Money
32,790.4,Corp.Money
43,930.17,Corp.Money
33,701.92,Corp.Money
38,885.23,Corp.Money
38,903.11,Corp.Money
36,925.77,Corp.Money
40,940.5,Corp.Money
34,779.56,Corp.Money
30,708.08,Corp.Money
33,714.2,Corp.Money
32,850.35,Corp.Money
36,781.07,Corp.Money
31,726.31,Corp.Money
37,878.47,Corp.Money
30,622.38,Corp.Money
42,988.07,Corp.Money
40,915.3,Corp.Money
33,752.49,Corp.Money
35,823.23,Corp.Money
33,736.46,Corp.Money
30,587.06,Corp.Money
24,613.5,Corp.Money
34,757.25,Corp.Money
34,856.57,Corp.Money
41,877.13,Corp.Money
27,674.21,Corp.Money
32,768.14,Corp.Money
38,857.66,Corp.Money
36,762.72,Corp.Money
35,809.39,Corp.Money
32,673.45,Corp.Money
35,761.84,Corp.Money
34,743.72,Corp.Money
35,862.46,Corp.Money
32,659.45,Corp.Money
39,837.08,Corp.Money
39,812.04,Corp.Money
40,919.87,Corp.Money
33,785.18,Corp.Money
33,847.52,Corp.Money
33,722.93,Corp.Money
40,982.97,Corp.Money
33,785.24,Corp.Money
35,810.95,Corp.Money
36,859.48,Corp.Money
37,790.78,Corp.Money
33,749.34,Corp.Money
44,946.87,Corp.Money
31,827.86,Corp.Money
29,639.97,Corp.Money
35,804.27,Corp.Money
42,964.98,Corp.Money
35,688.04,Corp.Money
35,831.86,Corp.Money
38,764.49,Corp.Money
34,800.46,Corp.Money
35,711.33,Corp.Money
39,846.77,Corp.Money
35,804.58,Corp.Money
31,685.23,Corp.Money
36,759,Corp.Money
30,794.04,Corp.Money
29,690.76,Corp.Money
34,879.58,Corp.Money
30,666.37,Corp.Money
37,815.44,Corp.Money
34,877.35,Corp.Money
31,722.69,Corp.Money
41,918.37,Corp.Money
34,840.05,Corp.Money
40,868.05,Corp.Money
34,713.68,Corp.Money
33,778.05,Corp.Money
36,797.37,Corp.Money
39,872.81,Corp.Money
45,1026.01,Corp.Money
30,620.88,Corp.Money
34,701.58,Corp.Money
39,938.56,Corp.Money
36,820.77,Corp.Money
34,831.01,Corp.Money
29,672.31,Corp.Money
33,787.21,Corp.Money
34,802.62,Corp.Money
34,739.85,Corp.Money
41,981.28,Corp.Money
33,803.02,Corp.Money
28,668.58,Corp.Money
36,819.06,Corp.Money
34,895.97,Corp.Money
34,697.47,Corp.Money
37,790.22,Corp.Money
23,644.89,Corp.Money
32,731.41,Corp.Money
34,693.4,Corp.Money
37,821,Corp.Money
33,791.6,Corp.Money
30,758.23,Corp.Money
36,844.99,Corp.Money
35,769.91,Corp.Money
35,722.98,Corp.Money
39,961.15,Corp.Money
32,738.61,Corp.Money
30,670.22,Corp.Money
29,653.54,Corp.Money
30,745.76,Corp.Money
29,608.85,Corp.Money
34,762.86,Corp.Money
42,1002.76,Corp.Money
34,807.98,Corp.Money
38,882.92,Corp.Money
30,710.05,Corp.Money
34,744.18,Corp.Money
37,834.41,Corp.Money
33,717.8,Corp.Money
38,900.6,Corp.Money
37,860.12,Corp.Money
32,716.49,Corp.Money
31,777.73,Corp.Money
44,1054.56,Corp.Money
34,831.06,Corp.Money
35,848.96,Corp.Money
34,755.27,Corp.Money
32,793.57,Corp.Money
31,659.75,Corp.Money
30,751.09,Corp.Money
38,931.06,Corp.Money
31,739.27,Corp.Money
37,835.37,Corp.Money
40,873.15,Corp.Money
39,814.04,Corp.Money
34,768.78,Corp.Money
32,732.01,Corp.Money
30,759.67,Corp.Money
34,725.7,Corp.Money
34,774.4,Corp.Money
35,778.84,Corp.Money
32,723.09,Corp.Money
37,873.01,Corp.Money
37,841.91,Corp.Money
39,884.99,Corp.Money
43,983,Corp.Money
35,721.59,Corp.Money
32,734.6,Corp.Money
34,785.87,Corp.Money
28,645.64,Corp.Money
35,840.26,Corp.Money
33,687.97,Corp.Money
36,679.61,Corp.Money
33,699.65,Corp.Money
29,703.48,Corp.Money
35,887.95,Corp.Money
29,758.17,Corp.Money
38,789.1,Corp.Money
27,597.97,Corp.Money
34,834.04,Corp.Money
36,819.71,Corp.Money
28,682.69,Corp.Money
40,936.43,Corp.Money
31,773.62,Corp.Money
32,821.96,Corp.Money
35,806.61,Corp.Money
33,761.44,Corp.Money
30,599.97,Corp.Money
36,859.02,Corp.Money
32,733.21,Corp.Money
37,769.95,Corp.Money
32,746.04,Corp.Money
31,742.35,Corp.Money
34,713.87,Corp.Money
37,813.34,Corp.Money
35,807.09,Corp.Money
34,721.01,Corp.Money
27,641.4,Corp.Money
40,903.43,Corp.Money
34,858.72,Corp.Money
31,785.67,Corp.Money
34,742.7,Corp.Money
36,906.53,Corp.Money
28,694.37,Corp.Money
37,751.87,Corp.Money
35,749.39,Corp.Money
39,839.01,Corp.Money
38,852.08,Corp.Money
32,712.57,Corp.Money
33,699.15,Corp.Money
31,657.44,Corp.Money
33,826.15,Corp.Money
38,868.64,Corp.Money
42,947.08,Corp.Money
38,857.56,Corp.Money
27,677.98,Corp.Money
38,886.84,Corp.Money
39,897.6,Corp.Money
37,962.3,Corp.Money
31,696.23,Corp.Money
39,922.04,Corp.Money
37,904.62,Corp.Money
37,853.23,Corp.Money
33,694.98,Corp.Money
38,839.08,Corp.Money
35,826.65,Corp.Money
34,753.03,Corp.Money
40,910.21,Corp.Money
38,833.7,Corp.Money
23,587.39,Corp.Money
33,827.73,Corp.Money
29,644.68,Corp.Money
37,781.64,Corp.Money
33,727.09,Corp.Money
38,854.42,Corp.Money
36,783.88,Corp.Money
35,735.73,Corp.Money
34,867.32,Corp.Money
33,733.04,Corp.Money
35,847.43,Corp.Money
30,652.49,Corp.Money
37,819.16,Corp.Money
33,780.66,Corp.Money
32,731.39,Corp.Money
33,800,Corp.Money
42,965.19,Corp.Money
27,645.99,Corp.Money
33,747.14,Corp.Money
35,733.19,Corp.Money
32,699.99,Corp.Money
33,701.32,Corp.Money
36,811.58,Corp.Money
35,800.44,Corp.Money
32,772.26,Corp.Money
37,810.84,Corp.Money
35,757.28,Corp.Money
37,841.48,Corp.Money
29,665.76,Corp.Money
31,717.42,Corp.Money
34,906.82,Corp.Money
38,913.39,Corp.Money
32,705.75,Corp.Money
30,742.86,Corp.Money
38,824.08,Corp.Money
36,734.51,Corp.Money
30,764.15,Corp.Money
43,967.22,Corp.Money
40,902.82,Corp.Money
29,644.52,Corp.Money
43,1022.12,Corp.Money
28,669.63,Corp.Money
35,864.87,Corp.Money
30,717.49,Corp.Money
33,788.23,Corp.Money
33,716.7,Corp.Money
36,832.14,Corp.Money
30,646.95,Corp.Money
23,438.92,Corp.Money
34,827.08,Corp.Money
32,811.64,Corp.Money
35,820.92,Corp.Money
31,733.4,Corp.Money
38,879.2,Corp.Money
35,708.64,Corp.Money
37,791.01,Corp.Money
31,687.13,Corp.Money
34,770.86,Corp.Money
36,838.23,Corp.Money
34,841.74,Corp.Money
41,998.6,Corp.Money
27,641.85,Corp.Money
38,892.42,Corp.Money
35,786.44,Corp.Money
38,867.92,Corp.Money
34,824.79,Corp.Money
24,603.62,Corp.Money
36,795.48,Corp.Money
34,812.78,Corp.Money
31,762.48,Corp.Money
32,708.18,Corp.Money
35,825.66,Corp.Money
44,1027.83,Corp.Money
35,840.49,Corp.Money
31,711.18,Corp.Money
42,981.33,Corp.Money
33,827.03,Corp.Money
31,670.19,Corp.Money
30,591.12,Corp.Money
32,785.63,Corp.Money
42,900.75,Corp.Money
38,823.42,Corp.Money
37,878.9,Corp.Money
35,729.31,Corp.Money
36,834.87,Corp.Money
37,957.99,Corp.Money
35,747.15,Corp.Money
35,778.55,Corp.Money
38,883.78,Corp.Money
34,788.45,Corp.Money
36,764.11,Corp.Money
31,730.61,Corp.Money
41,902.56,Corp.Money
40,850.18,Corp.Money
27,692.14,Corp.Money
34,865.32,Corp.Money
37,763.94,Corp.Money
36,877.35,Corp.Money
38,871.72,Corp.Money
33,787.16,Corp.Money
42,820.75,Ltd.Forward
51,1045.7,Ltd.Forward
40,815.4,Ltd.Forward
53,1151.96,Ltd.Forward
54,1159.67,Ltd.Forward
38,742.09,Ltd.Forward
55,1044.36,Ltd.Forward
48,984.8,Ltd.Forward
45,831.27,Ltd.Forward
52,1067.81,Ltd.Forward
57,1115.97,Ltd.Forward
59,1241.14,Ltd.Forward
42,889.22,Ltd.Forward
47,1019.16,Ltd.Forward
50,973.74,Ltd.Forward
50,1100.82,Ltd.Forward
47,903.3,Ltd.Forward
35,638.47,Ltd.Forward
48,965.92,Ltd.Forward
42,863.6,Ltd.Forward
50,1063.07,Ltd.Forward
44,905.25,Ltd.Forward
49,941.18,Ltd.Forward
45,945.04,Ltd.Forward
47,895.69,Ltd.Forward
47,997.68,Ltd.Forward
57,1159.12,Ltd.Forward
54,1095.14,Ltd.Forward
48,916.68,Ltd.Forward
42,807.56,Ltd.Forward
56,1174.27,Ltd.Forward
41,841.3,Ltd.Forward
42,814.89,Ltd.Forward
45,912.01,Ltd.Forward
44,954.24,Ltd.Forward
44,859.59,Ltd.Forward
57,1054.97,Ltd.Forward
49,1010.97,Ltd.Forward
45,902.66,Ltd.Forward
54,1043.89,Ltd.Forward
51,985.71,Ltd.Forward
42,845.1,Ltd.Forward
46,917.6,Ltd.Forward
53,1064.29,Ltd.Forward
61,1208.97,Ltd.Forward
59,1209.07,Ltd.Forward
55,1053.2,Ltd.Forward
49,939.61,Ltd.Forward
39,871.28,Ltd.Forward
45,954.73,Ltd.Forward
48,936.2,Ltd.Forward
52,980.19,Ltd.Forward
50,855.2,Ltd.Forward
50,1046.65,Ltd.Forward
61,1229.05,Ltd.Forward
52,1058.8,Ltd.Forward
48,968.67,Ltd.Forward
47,936.08,Ltd.Forward
50,1054.33,Ltd.Forward
45,922.11,Ltd.Forward
58,1197.39,Ltd.Forward
48,960.11,Ltd.Forward
46,958.23,Ltd.Forward
44,897.11,Ltd.Forward
55,1110.25,Ltd.Forward
42,858.02,Ltd.Forward
47,980.42,Ltd.Forward
51,962.85,Ltd.Forward
49,884.45,Ltd.Forward
51,1049.54,Ltd.Forward
42,823.8,Ltd.Forward
47,850.88,Ltd.Forward
39,807.78,Ltd.Forward
44,847.58,Ltd.Forward
56,1158.26,Ltd.Forward
51,1038.6,Ltd.Forward
50,1039.47,Ltd.Forward
44,787.53,Ltd.Forward
46,860.57,Ltd.Forward
43,909.27,Ltd.Forward
50,989.28,Ltd.Forward
54,1178.32,Ltd.Forward
51,1011.04,Ltd.Forward
46,816.29,Ltd.Forward
53,1095.21,Ltd.Forward
52,1000.35,Ltd.Forward
55,1185.76,Ltd.Forward
47,1032.26,Ltd.Forward
42,909.91,Ltd.Forward
49,994.11,Ltd.Forward
51,985.43,Ltd.Forward
59,1181.2,Ltd.Forward
49,951.94,Ltd.Forward
52,1004.55,Ltd.Forward
49,914.71,Ltd.Forward
62,1249.51,Ltd.Forward
58,1207.61,Ltd.Forward
48,973.28,Ltd.Forward
49,945.34,Ltd.Forward
49,998.86,Ltd.Forward
50,1036.33,Ltd.Forward
46,932.95,Ltd.Forward
50,1040.3,Ltd.Forward
45,823.69,Ltd.Forward
43,857.05,Ltd.Forward
54,1048.11,Ltd.Forward
53,1087.61,Ltd.Forward
46,990.19,Ltd.Forward
57,1165.6,Ltd.Forward
48,993.02,Ltd.Forward
48,934.04,Ltd.Forward
44,916.08,Ltd.Forward
49,966.09,Ltd.Forward
49,953.77,Ltd.Forward
50,1003.13,Ltd.Forward
52,1017.47,Ltd.Forward
55,1205.81,Ltd.Forward
51,1041.57,Ltd.Forward
55,1063.84,Ltd.Forward
56,1102.85,Ltd.Forward
32,714.77,Ltd.Forward
47,889.53,Ltd.Forward
53,999.83,Ltd.Forward
43,879.78,Ltd.Forward
44,932.95,Ltd.Forward
51,921.06,Ltd.Forward
47,949.55,Ltd.Forward
39,890.82,Ltd.Forward
55,1117.41,Ltd.Forward
44,924.07,Ltd.Forward
52,1041.9,Ltd.Forward
52,1007.49,Ltd.Forward
59,1124.96,Ltd.Forward
51,986.76,Ltd.Forward
53,991.76,Ltd.Forward
56,1119.03,Ltd.Forward
47,894.45,Ltd.Forward
40,816.5,Ltd.Forward
50,968.97,Ltd.Forward
57,1109.04,Ltd.Forward
41,860.54,Ltd.Forward
56,1154.5,Ltd.Forward
49,1093.43,Ltd.Forward
50,1002.86,Ltd.Forward
47,849.98,Ltd.Forward
56,1071.41,Ltd.Forward
58,1192.03,Ltd.Forward
59,1173.52,Ltd.Forward
44,927.59,Ltd.Forward
54,1129.18,Ltd.Forward
47,1048.5,Ltd.Forward
44,894.24,Ltd.Forward
52,1036.14,Ltd.Forward
49,954.59,Ltd.Forward
54,1085.44,Ltd.Forward
60,1221.1,Ltd.Forward
56,1197.11,Ltd.Forward
45,928.76,Ltd.Forward
50,932.96,Ltd.Forward
58,1100.2,Ltd.Forward
57,1061.92,Ltd.Forward
40,853.14,Ltd.Forward
55,1029.58,Ltd.Forward
47,911.18,Ltd.Forward
46,859.68,Ltd.Forward
43,920.19,Ltd.Forward
48,1036.73,Ltd.Forward
54,1118.42,Ltd.Forward
58,1113.01,Ltd.Forward
50,985.05,Ltd.Forward
49,992.44,Ltd.Forward
48,969.66,Ltd.Forward
55,1041.61,Ltd.Forward
43,848.37,Ltd.Forward
51,1083.72,Ltd.Forward
56,1067.42,Ltd.Forward
56,1159.26,Ltd.Forward
52,1021.11,Ltd.Forward
43,870.87,Ltd.Forward
45,929.9,Ltd.Forward
45,906.8,Ltd.Forward
41,897.3,Ltd.Forward
50,927.4,Ltd.Forward
57,1153.95,Ltd.Forward
35,735.3,Ltd.Forward
54,1079.21,Ltd.Forward
48,926.65,Ltd.Forward
45,995.8,Ltd.Forward
54,1127.85,Ltd.Forward
53,1112.92,Ltd.Forward
50,942.54,Ltd.Forward
44,856.71,Ltd.Forward
45,800.5,Ltd.Forward
40,816.8,Ltd.Forward
61,1132.66,Ltd.Forward
49,883.94,Ltd.Forward
45,928.01,Ltd.Forward
37,661.56,Ltd.Forward
47,917.85,Ltd.Forward
46,938.38,Ltd.Forward
41,815.08,Ltd.Forward
64,1316.28,Ltd.Forward
55,1057.86,Ltd.Forward
40,778.48,Ltd.Forward
56,1054.84,Ltd.Forward
56,1049.99,Ltd.Forward
53,1058.14,Ltd.Forward
52,1019.53,Ltd.Forward
50,1030.11,Ltd.Forward
53,1007.18,Ltd.Forward
43,832.55,Ltd.Forward
46,1033.71,Ltd.Forward
43,876.66,Ltd.Forward
49,1003.23,Ltd.Forward
50,949.72,Ltd.Forward
53,1159.88,Ltd.Forward
53,1113.5,Ltd.Forward
58,1231.3,Ltd.Forward
53,1099.96,Ltd.Forward
57,1134.89,Ltd.Forward
56,1091.39,Ltd.Forward
46,877.71,Ltd.Forward
54,1099.99,Ltd.Forward
52,1008.39,Ltd.Forward
50,1010.14,Ltd.Forward
44,886.57,Ltd.Forward
53,1082.41,Ltd.Forward
50,987.98,Ltd.Forward
47,950.02,Ltd.Forward
55,1059.04,Ltd.Forward
55,1053.78,Ltd.Forward
55,1083.97,Ltd.Forward
34,630.78,Ltd.Forward
44,890.87,Ltd.Forward
55,1176.62,Ltd.Forward
45,892.04,Ltd.Forward
52,1061.29,Ltd.Forward
51,978.71,Ltd.Forward
56,1159.55,Ltd.Forward
45,897.01,Ltd.Forward
49,860.66,Ltd.Forward
52,1062.39,Ltd.Forward
57,1172.59,Ltd.Forward
48,984.62,Ltd.Forward
51,1018.82,Ltd.Forward
41,848.37,Ltd.Forward
53,1055.61,Ltd.Forward
51,1068.42,Ltd.Forward
53,999.19,Ltd.Forward
47,976.56,Ltd.Forward
60,1222.98,Ltd.Forward
49,1015.42,Ltd.Forward
50,988.26,Ltd.Forward
49,997.49,Ltd.Forward
55,1129.45,Ltd.Forward
45,903.18,Ltd.Forward
51,952.95,Ltd.Forward
53,1085.79,Ltd.Forward
42,810.91,Ltd.Forward
51,954.19,Ltd.Forward
46,952.92,Ltd.Forward
58,1233.73,Ltd.Forward
54,1085.23,Ltd.Forward
39,818.97,Ltd.Forward
55,1078.59,Ltd.Forward
51,1007.31,Ltd.Forward
46,976.74,Ltd.Forward
47,924.27,Ltd.Forward
42,874.5,Ltd.Forward
52,1010.62,Ltd.Forward
40,810.34,Ltd.Forward
49,1095.94,Ltd.Forward
52,1091.54,Ltd.Forward
50,1099.81,Ltd.Forward
55,1182.05,Ltd.Forward
50,1032.5,Ltd.Forward
63,1202.75,Ltd.Forward
44,905.61,Ltd.Forward
59,1181.89,Ltd.Forward
40,755,Ltd.Forward
43,768.99,Ltd.Forward
44,798.32,Ltd.Forward
40,787.36,Ltd.Forward
58,1204.73,Ltd.Forward
56,1009.4,Ltd.Forward
58,1218.55,Ltd.Forward
46,828.94,Ltd.Forward
50,983.3,Ltd.Forward
56,1177.76,Ltd.Forward
56,1157.68,Ltd.Forward
53,1072.76,Ltd.Forward
50,999.27,Ltd.Forward
43,879.78,Ltd.Forward
51,1000.45,Ltd.Forward
48,957.29,Ltd.Forward
46,920.38,Ltd.Forward
59,1258.64,Ltd.Forward
45,959.67,Ltd.Forward
51,1069.28,Ltd.Forward
53,1082.43,Ltd.Forward
56,1145.65,Ltd.Forward
52,1083.83,Ltd.Forward
61,1244.1,Ltd.Forward
52,1020.1,Ltd.Forward
47,988.25,Ltd.Forward
50,1027.9,Ltd.Forward
54,1055.78,Ltd.Forward
36,701.43,Ltd.Forward
49,933.33,Ltd.Forward
50,924,Ltd.Forward
48,943.73,Ltd.Forward
50,1043.47,Ltd.Forward
38,834.51,Ltd.Forward
52,1070.62,Ltd.Forward
50,1043.47,Ltd.Forward
47,902.39,Ltd.Forward
32,565.29,Ltd.Forward
47,916.99,Ltd.Forward
50,1007.9,Ltd.Forward
49,959.56,Ltd.Forward
46,971.71,Ltd.Forward
51,1040.5,Ltd.Forward
44,848.99,Ltd.Forward
54,1152.42,Ltd.Forward
54,1046.35,Ltd.Forward
55,1039.04,Ltd.Forward
54,1091.82,Ltd.Forward
47,961.99,Ltd.Forward
49,895.4,Ltd.Forward
57,1136.66,Ltd.Forward
53,970.85,Ltd.Forward
52,1047.78,Ltd.Forward
57,1129.76,Ltd.Forward
46,892.02,Ltd.Forward
50,946.7,Ltd.Forward
57,1132.06,Ltd.Forward
48,907.92,Ltd.Forward
50,1076.6,Ltd.Forward
49,1014.45,Ltd.Forward
57,1229.28,Ltd.Forward
50,1020.65,Ltd.Forward
50,1039.77,Ltd.Forward
45,1035.16,Ltd.Forward
47,855.36,Ltd.Forward
40,695.22,Ltd.Forward
52,987.8,Ltd.Forward
55,1150.66,Ltd.Forward
41,749.63,Ltd.Forward
52,1124.01,Ltd.Forward
51,1086.62,Ltd.Forward
51,1137.67,Ltd.Forward
50,897.56,Ltd.Forward
59,1134.82,Ltd.Forward
51,1060.85,Ltd.Forward
58,1154.86,Ltd.Forward
52,1084.49,Ltd.Forward
52,985.42,Ltd.Forward
46,943.22,Ltd.Forward
66,1326.68,Ltd.Forward
49,986,Ltd.Forward
47,1003.57,Ltd.Forward
52,1013.65,Ltd.Forward
52,1057.58,Ltd.Forward
54,1016.46,Ltd.Forward
44,872.14,Ltd.Forward
49,896.78,Ltd.Forward
59,1146.91,Ltd.Forward
47,944.07,Ltd.Forward
47,986.71,Ltd.Forward
53,1044.99,Ltd.Forward
46,922.94,Ltd.Forward
56,1173.92,Ltd.Forward
52,960.65,Ltd.Forward
50,999.22,Ltd.Forward
40,798.51,Ltd.Forward
47,995.68,Ltd.Forward
62,1237.88,Ltd.Forward
48,916.04,Ltd.Forward
53,965.49,Ltd.Forward
44,848.01,Ltd.Forward
40,859.18,Ltd.Forward
54,1177.85,Ltd.Forward
58,1231.01,Ltd.Forward
40,758.16,Ltd.Forward
55,1101.51,Ltd.Forward
51,1069.73,Ltd.Forward
47,918.16,Ltd.Forward
60,1154.06,Ltd.Forward
43,856.96,Ltd.Forward
49,932.77,Ltd.Forward
54,997.52,Ltd.Forward
43,815.89,Ltd.Forward
56,1193.24,Ltd.Forward
49,1020.08,Ltd.Forward
57,1155.02,Ltd.Forward
49,971.62,Ltd.Forward
45,876.5,Ltd.Forward
41,814.34,Ltd.Forward
41,832.58,Ltd.Forward
49,1071.72,Ltd.Forward
37,746.59,Ltd.Forward
40,795.6,Ltd.Forward
61,1240.91,Ltd.Forward
48,1016.8,Ltd.Forward
58,1241.66,Ltd.Forward
59,1203.6,Ltd.Forward
50,962.08,Ltd.Forward
50,1022.15,Ltd.Forward
51,1018.04,Ltd.Forward
54,1045.69,Ltd.Forward
54,1010.79,Ltd.Forward
37,782.25,Ltd.Forward
50,1038.23,Ltd.Forward
53,1059.96,Ltd.Forward
48,924.08,Ltd.Forward
51,1006.49,Ltd.Forward
55,1050.67,Ltd.Forward
49,951.61,Ltd.Forward
59,1174.53,Ltd.Forward
52,1043.57,Ltd.Forward
40,796.66,Ltd.Forward
48,989.22,Ltd.Forward
53,944.24,Ltd.Forward
50,1106.1,Ltd.Forward
41,911.38,Ltd.Forward
38,781.92,Ltd.Forward
49,909.63,Ltd.Forward
54,1119.14,Ltd.Forward
45,781.73,Ltd.Forward
52,1111.29,Ltd.Forward
53,1106.98,Ltd.Forward
55,1033.26,Ltd.Forward
53,1095.89,Ltd.Forward
51,1015.53,Ltd.Forward
40,808.69,Ltd.Forward
46,909.07,Ltd.Forward
55,1113.66,Ltd.Forward
52,1093,Ltd.Forward
44,840.99,Ltd.Forward
51,867.85,Ltd.Forward
49,1062.01,Ltd.Forward
57,1038.74,Ltd.Forward
49,1002.88,Ltd.Forward
47,942.04,Ltd.Forward
48,977.71,Ltd.Forward
44,938.7,Ltd.Forward
57,1140.52,Ltd.Forward
50,1022.71,Ltd.Forward
46,871.88,Ltd.Forward
52,1051.52,Ltd.Forward
55,1096.03,Ltd.Forward
47,974.19,Ltd.Forward
48,998.5,Ltd.Forward
49,962.18,Ltd.Forward
37,676.54,Ltd.Forward
50,941.18,Ltd.Forward
50,958.33,Ltd.Forward
48,971.74,Ltd.Forward
43,822.61,Ltd.Forward
56,1125.11,Ltd.Forward
47,999.12,Ltd.Forward
50,976.23,Ltd.Forward
62,1273.27,Ltd.Forward
46,910.16,Ltd.Forward
45,881.83,Ltd.Forward
50,976.53,Ltd.Forward
48,962.56,Ltd.Forward
47,915.63,Ltd.Forward
52,1092.94,Ltd.Forward
51,1018.7,Ltd.Forward
43,892.5,Ltd.Forward
41,900.07,Ltd.Forward
53,1085.44,Ltd.Forward
44,802.06,Ltd.Forward
44,815.99,Ltd.Forward
57,1121.13,Ltd.Forward
50,1044.06,Ltd.Forward
46,904.08,Ltd.Forward
54,1065.17,Ltd.Forward
57,1162.3,Ltd.Forward
55,1102.29,Ltd.Forward
43,860.94,Ltd.Forward
46,909.09,Ltd.Forward
51,1074.98,Ltd.Forward
41,815.96,Ltd.Forward
47,956.32,Ltd.Forward
49,1004.7,Ltd.Forward
49,996.17,Ltd.Forward
51,1034.93,Ltd.Forward
51,967.28,Ltd.Forward
55,1213.78,Ltd.Forward
49,1005.79,Ltd.Forward
45,838.7,Ltd.Forward
49,1061.49,Ltd.Forward
48,948.29,Ltd.Forward
50,1073.5,Ltd.Forward
58,1208.06,Ltd.Forward
53,1045.78,Ltd.Forward
60,1202.92,Ltd.Forward
56,1080.54,Ltd.Forward
60,1103.9,Ltd.Forward
41,776.1,Ltd.Forward
45,902.97,Ltd.Forward
46,902.29,Ltd.Forward
48,996.6,Ltd.Forward
47,924.15,Ltd.Forward
52,982.72,Ltd.Forward
42,797.06,Ltd.Forward
46,800.85,Ltd.Forward
46,963.46,Ltd.Forward
47,965.17,Ltd.Forward
46,932.17,Ltd.Forward
57,1146.04,Ltd.Forward
54,1099.82,Ltd.Forward
51,988.17,Ltd.Forward
41,753.36,Ltd.Forward
67,1342.77,Ltd.Forward
55,1075.1,Ltd.Forward
57,1162.96,Ltd.Forward
38,794.27,Ltd.Forward
48,901.09,Ltd.Forward
54,1002.05,Ltd.Forward
52,1103.53,Ltd.Forward
53,1000.22,Ltd.Forward
53,1002.23,Ltd.Forward
47,940.08,Ltd.Forward
48,891.74,Ltd.Forward
44,898.61,Ltd.Forward
56,1082.21,Ltd.Forward
38,826.42,Ltd.Forward
48,882.18,Ltd.Forward
54,1116.37,Ltd.Forward
48,939.78,Ltd.Forward
58,1264.58,Ltd.Forward
55,1077.83,Ltd.Forward
44,827.66,Ltd.Forward
49,951.15,Ltd.Forward
50,1002.5,Ltd.Forward
51,1008.97,Ltd.Forward
46,886.56,Ltd.Forward
46,915.1,Ltd.Forward
48,967.79,Ltd.Forward
55,976.94,Ltd.Forward
56,1040.89,Ltd.Forward
46,836.79,Ltd.Forward
50,1040.82,Ltd.Forward
43,846.57,Ltd.Forward
45,889.33,Ltd.Forward
46,993.06,Ltd.Forward
42,784.12,Ltd.Forward
37,847.54,Ltd.Forward
54,1067.32,Ltd.Forward
52,966.95,Ltd.Forward
45,854.92,Ltd.Forward
55,1085.47,Ltd.Forward
60,1227.5,Ltd.Forward
34,668.46,Ltd.Forward
56,1075.6,Ltd.Forward
57,1085.7,Ltd.Forward
50,1033.94,Ltd.Forward
46,913.82,Ltd.Forward
43,874.43,Ltd.Forward
44,871.59,Ltd.Forward
46,846.02,Ltd.Forward
37,789.88,Ltd.Forward
46,925.67,Ltd.Forward
55,1176.54,Ltd.Forward
45,986.7,Ltd.Forward
59,1187.23,Ltd.Forward
49,967.84,Ltd.Forward
50,873.5,Ltd.Forward
52,1039.22,Ltd.Forward
44,872.43,Ltd.Forward
45,972.34,Ltd.Forward
47,909.28,Ltd.Forward
60,1255.26,Ltd.Forward
52,1004.04,Ltd.Forward
49,960.06,Ltd.Forward
43,874.15,Ltd.Forward
49,1019.99,Ltd.Forward
52,1032.01,Ltd.Forward
47,993.71,Ltd.Forward
44,960.39,Ltd.Forward
44,867.83,Ltd.Forward
48,901.56,Ltd.Forward
52,1036,Ltd.Forward
55,1151.12,Ltd.Forward
41,790.31,Ltd.Forward
45,902.46,Ltd.Forward
37,769.53,Ltd.Forward
50,985.87,Ltd.Forward
54,1046.21,Ltd.Forward
51,1009.42,Ltd.Forward
57,1182.19,Ltd.Forward
53,984.56,Ltd.Forward
46,874.17,Ltd.Forward
58,1122.22,Ltd.Forward
52,969.31,Ltd.Forward
53,1024.68,Ltd.Forward
44,1012,Ltd.Forward
48,897.58,Ltd.Forward
42,766.18,Ltd.Forward
49,923.27,Ltd.Forward
58,1135.26,Ltd.Forward
47,869.9,Ltd.Forward
50,1042.11,Ltd.Forward
54,1071.48,Ltd.Forward
40,723.42,Ltd.Forward
41,784.62,Ltd.Forward
44,867.36,Ltd.Forward
51,1024.57,Ltd.Forward
50,1052,Ltd.Forward
57,1129.82,Ltd.Forward
42,759.96,Ltd.Forward
47,961.83,Ltd.Forward
37,713.01,Ltd.Forward
59,1124.58,Ltd.Forward
56,1176.83,Ltd.Forward
46,868.27,Ltd.Forward
48,1018.53,Ltd.Forward
49,972.24,Ltd.Forward
60,1247.45,Ltd.Forward
50,1036.53,Ltd.Forward
52,1029.97,Ltd.Forward
54,1180.07,Ltd.Forward
54,1108.72,Ltd.Forward
39,746.75,Ltd.Forward
54,1069.38,Ltd.Forward
44,870.51,Ltd.Forward
49,1046.61,Ltd.Forward
38,824.75,Ltd.Forward
51,1096.44,Ltd.Forward
43,956.57,Ltd.Forward
36,735.79,Ltd.Forward
39,784.33,Ltd.Forward
41,872.51,Ltd.Forward
53,1091.96,Ltd.Forward
51,1053.15,Ltd.Forward
54,1072.96,Ltd.Forward
46,985.54,Ltd.Forward
51,1049.84,Ltd.Forward
52,1092.67,Ltd.Forward
49,974.26,Ltd.Forward
43,859.9,Ltd.Forward
56,1074.83,Ltd.Forward
60,1243.08,Ltd.Forward
62,1176.59,Ltd.Forward
55,1032.32,Ltd.Forward
48,1023.57,Ltd.Forward
49,844.36,Ltd.Forward
48,990.22,Ltd.Forward
48,900,Ltd.Forward
49,1032.92,Ltd.Forward
38,775.08,Ltd.Forward
50,1003.89,Ltd.Forward
51,1048.12,Ltd.Forward
44,892.33,Ltd.Forward
39,753.27,Ltd.Forward
47,881.5,Ltd.Forward
31,626.94,Ltd.Forward
60,1174.6,Ltd.Forward
54,1110.84,Ltd.Forward
44,824.79,Ltd.Forward
50,918.92,Ltd.Forward
49,1002.45,Ltd.Forward
40,866.92,Ltd.Forward
44,893.48,Ltd.Forward
55,1085.3,Ltd.Forward
43,859.01,Ltd.Forward
45,959.12,Ltd.Forward
45,871.87,Ltd.Forward
57,1142.93,Ltd.Forward
48,957.68,Ltd.Forward
53,1064.39,Ltd.Forward
54,1134.27,Ltd.Forward
47,962.02,Ltd.Forward
43,867.25,Ltd.Forward
51,940.95,Ltd.Forward
47,937.49,Ltd.Forward
58,1189.59,Ltd.Forward
46,935.56,Ltd.Forward
48,912.59,Ltd.Forward
54,1047.52,Ltd.Forward
46,884.77,Ltd.Forward
49,930.38,Ltd.Forward
52,1086.47,Ltd.Forward
47,985.77,Ltd.Forward
42,881.41,Ltd.Forward
51,990.1,Ltd.Forward
48,951.85,Ltd.Forward
37,762.23,Ltd.Forward
51,1065.51,Ltd.Forward
50,998.55,Ltd.Forward
39,763.68,Ltd.Forward
46,804.3,Ltd.Forward
48,949.86,Ltd.Forward
46,880.79,Ltd.Forward
53,1082.44,Ltd.Forward
40,776.98,Ltd.Forward
44,910.71,Ltd.Forward
47,928.39,Ltd.Forward
58,1119.48,Ltd.Forward
49,873.07,Ltd.Forward
43,816.33,Ltd.Forward
59,1200.46,Ltd.Forward
48,936.77,Ltd.Forward
53,1078.14,Ltd.Forward
56,994.17,Ltd.Forward
52,1046.9,Ltd.Forward
57,1128.5,Ltd.Forward
45,884.97,Ltd.Forward
59,1233.73,Ltd.Forward
39,796.72,Ltd.Forward
44,889.19,Ltd.Forward
46,1020.74,Ltd.Forward
51,1009.48,Ltd.Forward
47,975.13,Ltd.Forward
53,1042.69,Ltd.Forward
52,1013.17,Ltd.Forward
54,1122.41,Ltd.Forward
58,1152.59,Ltd.Forward
41,783.61,Ltd.Forward
55,1083.66,Ltd.Forward
48,950.85,Ltd.Forward
45,924.17,Ltd.Forward
39,780.71,Ltd.Forward
44,886.18,Ltd.Forward
48,1051.87,Ltd.Forward
38,671.8,Ltd.Forward
47,921.95,Ltd.Forward
53,1054.78,Ltd.Forward
42,771.23,Ltd.Forward
49,1109.85,Ltd.Forward
41,793.72,Ltd.Forward
49,1031.44,Ltd.Forward
55,1073.25,Ltd.Forward
36,681.52,Ltd.Forward
63,1209.92,Ltd.Forward
42,787.25,Ltd.Forward
55,966.67,Ltd.Forward
62,1279.28,Ltd.Forward
44,858.63,Ltd.Forward
45,909.08,Ltd.Forward
56,1105.16,Ltd.Forward
45,910.37,Ltd.Forward
44,834.47,Ltd.Forward
59,1168.84,Ltd.Forward
60,1223.99,Ltd.Forward
48,982.32,Ltd.Forward
63,1257.28,Ltd.Forward
61,1138.32,Ltd.Forward
49,1010.49,Ltd.Forward
45,931.94,Ltd.Forward
45,985.15,Ltd.Forward
58,1075.95,Ltd.Forward
53,1075.29,Ltd.Forward
53,1053.93,Ltd.Forward
49,1042.12,Ltd.Forward
51,1029.01,Ltd.Forward
47,878.26,Ltd.Forward
56,1085.22,Ltd.Forward
48,987.95,Ltd.Forward
61,1176.31,Ltd.Forward
53,946.76,Ltd.Forward
55,1193.06,Ltd.Forward
58,1177.18,Ltd.Forward
49,1019.32,Ltd.Forward
39,741.42,Ltd.Forward
46,903.69,Ltd.Forward
53,954.43,Ltd.Forward
57,1223.1,Ltd.Forward
51,1057.42,Ltd.Forward
55,1051.88,Ltd.Forward
55,1112.27,Ltd.Forward
56,1148.8,Ltd.Forward
54,1030.44,Ltd.Forward
48,911.76,Ltd.Forward
56,1150.55,Ltd.Forward
46,942.19,Ltd.Forward
52,1080.33,Ltd.Forward
46,907.47,Ltd.Forward
52,1016.24,Ltd.Forward
53,1109.67,Ltd.Forward
49,1004.18,Ltd.Forward
50,1027.17,Ltd.Forward
52,929.89,Ltd.Forward
43,768.58,Ltd.Forward
56,1096.55,Ltd.Forward
51,1010.58,Ltd.Forward
53,1105.2,Ltd.Forward
48,970.11,Ltd.Forward
38,726.75,Ltd.Forward
54,1029.01,Ltd.Forward
48,1078.17,Ltd.Forward
53,1105.27,Ltd.Forward
62,1263.38,Ltd.Forward
43,909.87,Ltd.Forward
58,1153.06,Ltd.Forward
47,886.16,Ltd.Forward
49,944.34,Ltd.Forward
46,866.86,Ltd.Forward
47,1069.64,Ltd.Forward
43,801.87,Ltd.Forward
50,963.54,Ltd.Forward
52,1062.55,Ltd.Forward
48,945.45,Ltd.Forward
40,715.32,Ltd.Forward
47,952.23,Ltd.Forward
52,988.6,Ltd.Forward
45,834.97,Ltd.Forward
46,864.29,Ltd.Forward
42,901.7,Ltd.Forward
53,1052.19,Ltd.Forward
45,926.21,Ltd.Forward
69,1352.07,Ltd.Forward
56,1116.17,Ltd.Forward
49,970.48,Ltd.Forward
50,1094.1,Ltd.Forward
45,1050.42,Ltd.Forward
51,1050.86,Ltd.Forward
50,943.35,Ltd.Forward
39,759.1,Ltd.Forward
38,759.33,Ltd.Forward
53,1075.63,Ltd.Forward
36,673.28,Ltd.Forward
47,963.06,Ltd.Forward
59,1208.17,Ltd.Forward
40,784.05,Ltd.Forward
51,1040.76,Ltd.Forward
59,1087.44,Ltd.Forward
53,1064.22,Ltd.Forward
57,1175.08,Ltd.Forward
44,856.08,Ltd.Forward
53,1027.64,Ltd.Forward
51,1007.53,Ltd.Forward
58,1249.52,Ltd.Forward
64,1262.04,Ltd.Forward
50,994.27,Ltd.Forward
56,1053.65,Ltd.Forward
47,989.23,Ltd.Forward
47,915.92,Ltd.Forward
46,996.91,Ltd.Forward
41,761.74,Ltd.Forward
50,1024.3,Ltd.Forward
49,899.44,Ltd.Forward
54,1150.41,Ltd.Forward
48,974.94,Ltd.Forward
44,932.51,Ltd.Forward
49,1011.35,Ltd.Forward
61,1312.62,Ltd.Forward
52,1137.24,Ltd.Forward
51,960.16,Ltd.Forward
56,1152.96,Ltd.Forward
60,1161.16,Ltd.Forward
60,1189.44,Ltd.Forward
47,874.14,Ltd.Forward
49,982.34,Ltd.Forward
47,870.59,Ltd.Forward
48,925.3,Ltd.Forward
52,1039.56,Ltd.Forward
47,903.46,Ltd.Forward
43,860.31,Ltd.Forward
48,1009.83,Ltd.Forward
58,1136.26,Ltd.Forward
61,1239.45,Ltd.Forward
47,925.45,Ltd.Forward
54,1092.62,Ltd.Forward
49,992.67,Ltd.Forward
49,1013.76,Ltd.Forward
45,914.21,Ltd.Forward
40,718.94,Ltd.Forward
60,1133.64,Ltd.Forward
54,1139.76,Ltd.Forward
39,742.73,Ltd.Forward
47,953.48,Ltd.Forward
59,1174.76,Ltd.Forward
50,1007.05,Ltd.Forward
51,1117.13,Ltd.Forward
55,1030.9,Ltd.Forward
55,1165.74,Ltd.Forward
53,1079.9,Ltd.Forward
52,1048.53,Ltd.Forward
58,1124.45,Ltd.Forward
60,1246.89,Ltd.Forward
51,1041.42,Ltd.Forward
48,969.26,Ltd.Forward
50,948.65,Ltd.Forward
52,1085.97,Ltd.Forward
45,883.17,Ltd.Forward
53,1041.21,Ltd.Forward
42,897.79,Ltd.Forward
63,1293.02,Ltd.Forward
35,671.18,Ltd.Forward
51,1047.46,Ltd.Forward
49,936.97,Ltd.Forward
53,1098.27,Ltd.Forward
47,899.72,Ltd.Forward
64,1189.38,Ltd.Forward
49,1065.18,Ltd.Forward
50,980.72,Ltd.Forward
56,1153.21,Ltd.Forward
54,1023.43,Ltd.Forward
51,1012.99,Ltd.Forward
48,993.06,Ltd.Forward
48,1010.21,Ltd.Forward
41,853.54,Ltd.Forward
53,1089.17,Ltd.Forward
52,1028.4,Ltd.Forward
43,879.06,Ltd.Forward
48,997.52,Ltd.Forward
57,1073.08,Ltd.Forward
57,1130.28,Ltd.Forward
42,804.91,Ltd.Forward
54,1011.71,Ltd.Forward
50,1059.3,Ltd.Forward
52,1096.62,Ltd.Forward
44,865.71,Ltd.Forward
48,925.74,Ltd.Forward
37,793.35,Ltd.Forward
45,902.22,Ltd.Forward
48,922.25,Ltd.Forward
57,1117.3,Ltd.Forward
43,754.47,Ltd.Forward
51,1002.71,Ltd.Forward
50,1112.94,Ltd.Forward
41,803.98,Ltd.Forward
51,977.17,Ltd.Forward
59,1223.08,Ltd.Forward
55,1119.13,Ltd.Forward
56,1141.29,Ltd.Forward
48,931.22,Ltd.Forward
55,1083.81,Ltd.Forward
35,725.31,Ltd.Forward
42,786.12,Ltd.Forward
48,993.64,Ltd.Forward
50,1023.19,Ltd.Forward
53,1012.32,Ltd.Forward
54,1093.73,Ltd.Forward
47,897.5,Ltd.Forward
47,943.19,Ltd.Forward
47,951.56,Ltd.Forward
46,888.68,Ltd.Forward
49,928,Ltd.Forward
55,1067.66,Ltd.Forward
52,1018.89,Ltd.Forward
47,927.41,Ltd.Forward
45,872.32,Ltd.Forward
49,945.49,Ltd.Forward
48,997.62,Ltd.Forward
57,1078.45,Ltd.Forward
36,762.28,Ltd.Forward
44,910.07,Ltd.Forward
53,1027.51,Ltd.Forward
53,1116.76,Ltd.Forward
46,911.99,Ltd.Forward
48,947.18,Ltd.Forward
60,1179.98,Ltd.Forward
43,865.98,Ltd.Forward
60,1171.06,Ltd.Forward
51,922.79,Ltd.Forward
56,1069.35,Ltd.Forward
46,927.77,Ltd.Forward
43,938.03,Ltd.Forward
52,1076.58,Ltd.Forward
52,1086.84,Ltd.Forward
47,963.28,Ltd.Forward
44,922.31,Ltd.Forward
57,1212.02,Ltd.Forward
41,768.13,Ltd.Forward
58,1078.47,Ltd.Forward
46,917.21,Ltd.Forward
38,710.74,Ltd.Forward
63,1174.37,Ltd.Forward
52,1057.97,Ltd.Forward
43,794.28,Ltd.Forward
47,1096,Ltd.Forward
45,902.89,Ltd.Forward
51,1056.61,Ltd.Forward
50,1037.97,Ltd.Forward
42,790.74,Ltd.Forward
51,1017.06,Ltd.Forward
45,846.02,Ltd.Forward
53,1079.96,Ltd.Forward
53,1099.77,Ltd.Forward
49,973.34,Ltd.Forward
45,778.91,Ltd.Forward
47,984.21,Ltd.Forward
43,831.75,Ltd.Forward
55,1176.45,Ltd.Forward
58,1175.86,Ltd.Forward
50,975.2,Ltd.Forward
52,998.54,Ltd.Forward
48,969.47,Ltd.Forward
51,960.56,Ltd.Forward
61,1251.87,Ltd.Forward
51,1047.78,Ltd.Forward
58,1169.61,Ltd.Forward
51,1071.34,Ltd.Forward
41,770.83,Ltd.Forward
42,793.37,Ltd.Forward
